league,team_id,attack,attack_lo,attack_hi,defence,defence_lo,defence_hi,date
EPL,arsenal,1.2756,1.1527,1.4064,0.5654,0.4826,0.6486,2026-09-26
EPL,aston_villa,1.0864,0.9876,1.194,0.9776,0.892,1.0652,2026-09-26
EPL,bournemouth,1.1745,1.0694,1.2845,0.9376,0.8513,1.0269,2026-09-26
EPL,brentford,1.081,0.981,1.186,1.0049,0.9178,1.0906,2026-09-26
EPL,brighton,1.2237,1.1104,1.3409,0.8781,0.7941,0.9636,2026-09-26
EPL,chelsea,1.2286,1.1169,1.3492,0.9925,0.9063,1.0818,2026-09-26
EPL,coventry,0.7908,0.6277,0.967,1.0611,0.874,1.2586,2026-09-26
EPL,crystal_palace,0.9643,0.8727,1.0586,0.9712,0.8846,1.0602,2026-09-26
EPL,everton,0.9288,0.8359,1.0256,0.8943,0.8078,0.98,2026-09-26
EPL,fulham,0.9734,0.8819,1.0677,0.9225,0.8367,1.0098,2026-09-26
EPL,hull,0.8594,0.6937,1.036,0.9959,0.8145,1.1879,2026-09-26
EPL,ipswich,0.8513,0.73,0.9763,1.3087,1.155,1.4755,2026-09-26
EPL,leeds,0.9697,0.8547,1.0855,0.9185,0.8167,1.0237,2026-09-26
EPL,liverpool,1.3402,1.2136,1.4761,0.8643,0.7794,0.9478,2026-09-26
EPL,man_city,1.4726,1.32,1.6359,0.7261,0.6401,0.8103,2026-09-26
EPL,man_united,1.2848,1.1692,1.4068,0.9125,0.8272,0.9946,2026-09-26
EPL,newcastle,1.1765,1.065,1.2959,1.0241,0.9347,1.1142,2026-09-26
EPL,nottm_forest,0.9794,0.8894,1.0737,0.9127,0.8277,0.9956,2026-09-26
EPL,sunderland,0.9006,0.7942,1.0097,0.9133,0.8154,1.0143,2026-09-26
EPL,tottenham,1.0181,0.9241,1.1159,0.9959,0.9111,1.0848,2026-09-26
LaLiga,alaves,0.9783,0.8839,1.0757,0.9135,0.8417,0.9848,2026-09-26
LaLiga,athletic_bilbao,1.0849,0.9837,1.1893,0.8664,0.7867,0.9446,2026-09-26
LaLiga,atletico_madrid,1.3892,1.2647,1.5242,0.8367,0.757,0.9144,2026-09-26
LaLiga,barcelona,1.9834,1.7813,2.1997,0.7994,0.7162,0.8787,2026-09-26
LaLiga,celta_vigo,1.0647,0.9652,1.171,0.9435,0.8687,1.0182,2026-09-26
LaLiga,deportivo_la_coruna,0.8964,0.7333,1.0698,1.1005,0.9247,1.2919,2026-09-26
LaLiga,elche,1.049,0.9321,1.1701,1.0624,0.9694,1.1636,2026-09-26
LaLiga,espanyol,0.9306,0.8319,1.0317,1.0762,0.9882,1.1676,2026-09-26
LaLiga,getafe,0.7085,0.6284,0.7897,0.8797,0.8011,0.9532,2026-09-26
LaLiga,levante,1.0115,0.8914,1.1345,1.1069,1.0107,1.2152,2026-09-26
LaLiga,malaga,0.6465,0.5223,0.7801,1.1946,1.0105,1.3823,2026-09-26
LaLiga,osasuna,0.9504,0.8581,1.0447,1.0021,0.9265,1.0809,2026-09-26
LaLiga,racing_santander,1.0175,0.8365,1.2109,1.5699,1.3409,1.8173,2026-09-26
LaLiga,rayo_vallecano,1.0984,0.9973,1.2022,0.9525,0.8778,1.0287,2026-09-26
LaLiga,real_betis,1.2932,1.1741,1.4163,0.9807,0.9046,1.0587,2026-09-26
LaLiga,real_madrid,1.807,1.6369,1.9875,0.8054,0.7216,0.8852,2026-09-26
LaLiga,real_sociedad,1.112,1.0073,1.2189,1.0066,0.9298,1.0869,2026-09-26
LaLiga,sevilla,0.9777,0.884,1.0773,0.955,0.8794,1.0309,2026-09-26
LaLiga,valencia,0.8245,0.7373,0.914,0.9598,0.8864,1.0356,2026-09-26
LaLiga,villarreal,1.3305,1.2122,1.4575,0.9629,0.8882,1.0385,2026-09-26
EPL,arsenal,1.2754,1.1525,1.4059,0.5659,0.4833,0.6489,2026-09-27
EPL,aston_villa,1.0851,0.9837,1.1937,0.9789,0.8954,1.0644,2026-09-27
EPL,bournemouth,1.1749,1.0706,1.2826,0.9374,0.85,1.0251,2026-09-27
EPL,brentford,1.0801,0.9809,1.1855,1.0045,0.9196,1.092,2026-09-27
EPL,brighton,1.2239,1.1126,1.3407,0.8775,0.7933,0.9636,2026-09-27
EPL,chelsea,1.2284,1.1188,1.3477,0.9921,0.9063,1.0795,2026-09-27
EPL,coventry,0.7902,0.6274,0.9683,1.0611,0.8711,1.2581,2026-09-27
EPL,crystal_palace,0.9648,0.8732,1.0589,0.972,0.886,1.0628,2026-09-27
EPL,everton,0.9296,0.8366,1.0227,0.8948,0.8065,0.981,2026-09-27
EPL,fulham,0.9733,0.8815,1.0675,0.9231,0.8364,1.0111,2026-09-27
EPL,hull,0.8596,0.6919,1.0432,0.9952,0.8131,1.1839,2026-09-27
EPL,ipswich,0.8516,0.7301,0.9784,1.3075,1.1565,1.4753,2026-09-27
EPL,leeds,0.9691,0.8557,1.086,0.9187,0.8155,1.0203,2026-09-27
EPL,liverpool,1.3402,1.2142,1.4773,0.8645,0.779,0.9497,2026-09-27
EPL,man_city,1.4726,1.3208,1.6337,0.7267,0.6405,0.8113,2026-09-27
EPL,man_united,1.2845,1.1662,1.4079,0.912,0.8262,0.996,2026-09-27
EPL,newcastle,1.1772,1.0685,1.2953,1.0244,0.9334,1.1145,2026-09-27
EPL,nottm_forest,0.9804,0.8868,1.0766,0.9129,0.8265,0.9988,2026-09-27
EPL,sunderland,0.9001,0.7909,1.0116,0.9143,0.817,1.0139,2026-09-27
EPL,tottenham,1.0196,0.9231,1.1183,0.997,0.9091,1.0863,2026-09-27
LaLiga,alaves,0.9786,0.8843,1.0752,0.914,0.8408,0.9856,2026-09-27
LaLiga,athletic_bilbao,1.0846,0.9843,1.1885,0.8668,0.7888,0.9442,2026-09-27
LaLiga,atletico_madrid,1.3885,1.264,1.5248,0.8361,0.7574,0.9145,2026-09-27
LaLiga,barcelona,1.9824,1.7789,2.1949,0.7998,0.718,0.879,2026-09-27
LaLiga,celta_vigo,1.0637,0.9637,1.169,0.9437,0.8686,1.0197,2026-09-27
LaLiga,deportivo_la_coruna,0.8958,0.7344,1.065,1.1009,0.9235,1.2941,2026-09-27
LaLiga,elche,1.0487,0.9324,1.172,1.0625,0.9681,1.1663,2026-09-27
LaLiga,espanyol,0.9312,0.8297,1.0329,1.0756,0.9864,1.1667,2026-09-27
LaLiga,getafe,0.709,0.6295,0.7893,0.8797,0.8015,0.9541,2026-09-27
LaLiga,levante,1.0115,0.8926,1.1319,1.1064,1.0086,1.2152,2026-09-27
LaLiga,malaga,0.6478,0.5233,0.7818,1.1938,1.0099,1.3831,2026-09-27
LaLiga,osasuna,0.9503,0.8585,1.0465,1.0024,0.9271,1.0796,2026-09-27
LaLiga,racing_santander,1.0179,0.8357,1.213,1.5685,1.3423,1.8113,2026-09-27
LaLiga,rayo_vallecano,1.0981,0.9957,1.2022,0.952,0.8762,1.0265,2026-09-27
LaLiga,real_betis,1.2931,1.1764,1.4154,0.9807,0.9034,1.0578,2026-09-27
LaLiga,real_madrid,1.807,1.6361,1.9926,0.8051,0.7224,0.8851,2026-09-27
LaLiga,real_sociedad,1.1115,1.008,1.2198,1.0063,0.9294,1.0858,2026-09-27
LaLiga,sevilla,0.9776,0.8852,1.0732,0.9554,0.8822,1.0297,2026-09-27
LaLiga,valencia,0.8249,0.7388,0.915,0.9599,0.8866,1.0335,2026-09-27
LaLiga,villarreal,1.3297,1.2121,1.457,0.9623,0.8869,1.0375,2026-09-27
EPL,arsenal,1.2759,1.1548,1.4057,0.5659,0.4842,0.6477,2026-09-28
EPL,aston_villa,1.0855,0.9822,1.196,0.9784,0.8918,1.0655,2026-09-28
EPL,bournemouth,1.1746,1.07,1.2839,0.9373,0.8515,1.0235,2026-09-28
EPL,brentford,1.0815,0.9812,1.1873,1.0028,0.9179,1.0872,2026-09-28
EPL,brighton,1.223,1.1101,1.3424,0.8774,0.7924,0.9629,2026-09-28
EPL,chelsea,1.2281,1.1156,1.3491,0.992,0.9046,1.082,2026-09-28
EPL,coventry,0.789,0.6217,0.9662,1.0602,0.8734,1.2548,2026-09-28
EPL,crystal_palace,0.9655,0.8727,1.0609,0.9711,0.8852,1.0602,2026-09-28
EPL,everton,0.9273,0.8351,1.0216,0.8958,0.8068,0.9836,2026-09-28
EPL,fulham,0.9732,0.8826,1.0679,0.9243,0.8388,1.0122,2026-09-28
EPL,hull,0.8589,0.6926,1.041,0.9937,0.8163,1.1826,2026-09-28
EPL,ipswich,0.8506,0.7309,0.9771,1.308,1.1573,1.4756,2026-09-28
EPL,leeds,0.9691,0.8541,1.0845,0.9186,0.8163,1.0213,2026-09-28
EPL,liverpool,1.3398,1.211,1.4764,0.864,0.7783,0.9459,2026-09-28
EPL,man_city,1.4726,1.3222,1.6333,0.7272,0.6423,0.8103,2026-09-28
EPL,man_united,1.2858,1.1686,1.4096,0.9123,0.8278,0.9939,2026-09-28
EPL,newcastle,1.1764,1.0684,1.2929,1.0252,0.9358,1.1158,2026-09-28
EPL,nottm_forest,0.9804,0.8875,1.0761,0.9137,0.8284,0.9992,2026-09-28
EPL,sunderland,0.8995,0.7933,1.0069,0.9133,0.8154,1.0131,2026-09-28
EPL,tottenham,1.0187,0.9259,1.1163,0.9965,0.9116,1.083,2026-09-28
LaLiga,alaves,0.9796,0.8861,1.0771,0.9137,0.8397,0.9865,2026-09-28
LaLiga,athletic_bilbao,1.0854,0.9847,1.1913,0.867,0.7888,0.9431,2026-09-28
LaLiga,atletico_madrid,1.3881,1.2622,1.5213,0.837,0.7573,0.9128,2026-09-28
LaLiga,barcelona,1.9828,1.7784,2.1955,0.7982,0.7165,0.8754,2026-09-28
LaLiga,celta_vigo,1.0622,0.9635,1.1661,0.9443,0.87,1.0201,2026-09-28
LaLiga,deportivo_la_coruna,0.8968,0.7322,1.0693,1.1015,0.9227,1.2945,2026-09-28
LaLiga,elche,1.0493,0.9329,1.1732,1.0632,0.9675,1.1665,2026-09-28
LaLiga,espanyol,0.9322,0.8316,1.0359,1.0765,0.9908,1.1671,2026-09-28
LaLiga,getafe,0.71,0.6299,0.7912,0.8796,0.8009,0.9546,2026-09-28
LaLiga,levante,1.0121,0.895,1.1301,1.1065,1.0092,1.2122,2026-09-28
LaLiga,malaga,0.648,0.5229,0.7834,1.1933,1.0083,1.3829,2026-09-28
LaLiga,osasuna,0.9533,0.8619,1.0514,1.003,0.9283,1.0808,2026-09-28
LaLiga,racing_santander,1.0189,0.8387,1.2146,1.5708,1.3446,1.8177,2026-09-28
LaLiga,rayo_vallecano,1.0988,0.9988,1.2038,0.9523,0.8775,1.0267,2026-09-28
LaLiga,real_betis,1.2932,1.1779,1.415,0.9811,0.9047,1.0578,2026-09-28
LaLiga,real_madrid,1.8078,1.6386,1.9926,0.8067,0.7236,0.8842,2026-09-28
LaLiga,real_sociedad,1.1123,1.0094,1.2216,1.0059,0.9294,1.0838,2026-09-28
LaLiga,sevilla,0.9792,0.8866,1.0751,0.9571,0.8822,1.0317,2026-09-28
LaLiga,valencia,0.8251,0.7372,0.9126,0.9585,0.8846,1.0321,2026-09-28
LaLiga,villarreal,1.3314,1.21,1.4636,0.9634,0.8887,1.0376,2026-09-28
EPL,arsenal,1.2738,1.1524,1.4051,0.5665,0.4821,0.6502,2026-09-29
EPL,aston_villa,1.0848,0.9853,1.1926,0.98,0.8946,1.0682,2026-09-29
EPL,bournemouth,1.1738,1.0696,1.2852,0.9387,0.8527,1.025,2026-09-29
EPL,brentford,1.0815,0.9792,1.1882,1.004,0.9187,1.0899,2026-09-29
EPL,brighton,1.2219,1.1115,1.3398,0.8796,0.796,0.9676,2026-09-29
EPL,chelsea,1.2291,1.1183,1.3492,0.9927,0.9053,1.0815,2026-09-29
EPL,coventry,0.7911,0.6264,0.9683,1.0616,0.8713,1.2656,2026-09-29
EPL,crystal_palace,0.9647,0.8734,1.0579,0.9729,0.8879,1.0612,2026-09-29
EPL,everton,0.9264,0.8333,1.0224,0.8972,0.8115,0.9827,2026-09-29
EPL,fulham,0.9724,0.8804,1.0671,0.9253,0.8385,1.0142,2026-09-29
EPL,hull,0.8589,0.6916,1.0363,0.9978,0.8158,1.188,2026-09-29
EPL,ipswich,0.8507,0.73,0.9761,1.3096,1.1567,1.4749,2026-09-29
EPL,leeds,0.9687,0.8543,1.0841,0.9202,0.8166,1.0247,2026-09-29
EPL,liverpool,1.337,1.211,1.4723,0.8661,0.7779,0.9519,2026-09-29
EPL,man_city,1.4699,1.3196,1.63,0.7291,0.6438,0.8128,2026-09-29
EPL,man_united,1.2843,1.1676,1.4064,0.9146,0.8302,0.9983,2026-09-29
EPL,newcastle,1.1662,1.0546,1.2885,1.0271,0.9384,1.1148,2026-09-29
EPL,nottm_forest,0.9799,0.8895,1.0754,0.9152,0.8303,0.9986,2026-09-29
EPL,sunderland,0.9003,0.7942,1.0069,0.9146,0.8167,1.0148,2026-09-29
EPL,tottenham,1.015,0.921,1.1141,0.9971,0.9095,1.0855,2026-09-29
LaLiga,alaves,0.979,0.8852,1.078,0.9138,0.8404,0.9859,2026-09-29
LaLiga,athletic_bilbao,1.0852,0.9854,1.1876,0.8669,0.7864,0.9438,2026-09-29
LaLiga,atletico_madrid,1.3886,1.2649,1.5228,0.8364,0.7559,0.914,2026-09-29
LaLiga,barcelona,1.9849,1.7768,2.2041,0.7979,0.7165,0.8766,2026-09-29
LaLiga,celta_vigo,1.062,0.9624,1.1671,0.9444,0.8679,1.0213,2026-09-29
LaLiga,deportivo_la_coruna,0.896,0.7347,1.0697,1.1003,0.9226,1.2947,2026-09-29
LaLiga,elche,1.0488,0.9324,1.1715,1.0633,0.9697,1.1658,2026-09-29
LaLiga,espanyol,0.9314,0.8302,1.0342,1.0766,0.9884,1.1686,2026-09-29
LaLiga,getafe,0.706,0.6253,0.7871,0.8779,0.7978,0.9541,2026-09-29
LaLiga,levante,1.0113,0.8934,1.1307,1.1073,1.0083,1.2162,2026-09-29
LaLiga,malaga,0.6483,0.5241,0.7833,1.1945,1.0105,1.3829,2026-09-29
LaLiga,osasuna,0.9527,0.8588,1.0495,1.0033,0.9298,1.0813,2026-09-29
LaLiga,racing_santander,1.0178,0.8367,1.215,1.5699,1.3458,1.8168,2026-09-29
LaLiga,rayo_vallecano,1.0991,0.9968,1.2037,0.9522,0.8766,1.0284,2026-09-29
LaLiga,real_betis,1.2931,1.1733,1.4156,0.9815,0.9052,1.06,2026-09-29
LaLiga,real_madrid,1.8087,1.6394,1.9943,0.805,0.722,0.8841,2026-09-29
LaLiga,real_sociedad,1.1098,1.0071,1.2174,1.0048,0.9261,1.0849,2026-09-29
LaLiga,sevilla,0.9789,0.8853,1.0766,0.9571,0.883,1.0316,2026-09-29
LaLiga,valencia,0.8241,0.7373,0.9133,0.9581,0.8851,1.0318,2026-09-29
LaLiga,villarreal,1.3303,1.2113,1.4588,0.9624,0.8877,1.0385,2026-09-29
EPL,arsenal,1.2733,1.1516,1.403,0.5663,0.4851,0.6499,2026-09-30
EPL,aston_villa,1.0839,0.9811,1.1917,0.9807,0.8953,1.0685,2026-09-30
EPL,bournemouth,1.1735,1.0691,1.2822,0.9388,0.8526,1.0286,2026-09-30
EPL,brentford,1.0807,0.9787,1.1874,1.0045,0.9162,1.0929,2026-09-30
EPL,brighton,1.2207,1.1087,1.3388,0.8798,0.7951,0.9665,2026-09-30
EPL,chelsea,1.2289,1.1187,1.3497,0.9921,0.9055,1.0801,2026-09-30
EPL,coventry,0.7915,0.6269,0.9706,1.0609,0.873,1.2618,2026-09-30
EPL,crystal_palace,0.9652,0.8734,1.0581,0.973,0.8865,1.0603,2026-09-30
EPL,everton,0.9265,0.8336,1.0206,0.8971,0.8101,0.9816,2026-09-30
EPL,fulham,0.9732,0.8812,1.0682,0.9251,0.8394,1.0117,2026-09-30
EPL,hull,0.86,0.6933,1.0427,0.9976,0.8144,1.1896,2026-09-30
EPL,ipswich,0.851,0.7299,0.9797,1.3087,1.1573,1.4758,2026-09-30
EPL,leeds,0.9692,0.8542,1.0859,0.9204,0.8159,1.0248,2026-09-30
EPL,liverpool,1.3371,1.2112,1.4735,0.8656,0.7802,0.949,2026-09-30
EPL,man_city,1.4699,1.3187,1.6288,0.729,0.643,0.8147,2026-09-30
EPL,man_united,1.2845,1.1668,1.4105,0.9148,0.8296,0.9995,2026-09-30
EPL,newcastle,1.1667,1.0571,1.2839,1.0274,0.9382,1.1177,2026-09-30
EPL,nottm_forest,0.9801,0.8869,1.0739,0.9151,0.8301,1.0012,2026-09-30
EPL,sunderland,0.9005,0.7943,1.0094,0.9145,0.8173,1.0145,2026-09-30
EPL,tottenham,1.0152,0.9216,1.1093,0.9976,0.9121,1.0859,2026-09-30
LaLiga,alaves,0.9793,0.8853,1.0766,0.9141,0.8406,0.9869,2026-09-30
LaLiga,athletic_bilbao,1.0847,0.9867,1.1875,0.867,0.7886,0.9451,2026-09-30
LaLiga,atletico_madrid,1.3886,1.2654,1.5237,0.8373,0.7569,0.9147,2026-09-30
LaLiga,barcelona,1.9833,1.7831,2.1947,0.7981,0.7159,0.8777,2026-09-30
LaLiga,celta_vigo,1.0626,0.9631,1.1673,0.9442,0.8675,1.0194,2026-09-30
LaLiga,deportivo_la_coruna,0.8973,0.7344,1.0706,1.1012,0.9271,1.2916,2026-09-30
LaLiga,elche,1.0491,0.932,1.1682,1.0636,0.9696,1.1657,2026-09-30
LaLiga,espanyol,0.9314,0.8332,1.0317,1.0767,0.9884,1.1702,2026-09-30
LaLiga,getafe,0.7062,0.6225,0.7897,0.8783,0.7993,0.9539,2026-09-30
LaLiga,levante,1.012,0.8928,1.1338,1.1076,1.01,1.2164,2026-09-30
LaLiga,malaga,0.6473,0.5211,0.7822,1.1931,1.0056,1.3859,2026-09-30
LaLiga,osasuna,0.9528,0.8599,1.0494,1.0032,0.928,1.0807,2026-09-30
LaLiga,racing_santander,1.0177,0.8336,1.2139,1.5703,1.342,1.8164,2026-09-30
LaLiga,rayo_vallecano,1.0978,0.9938,1.2068,0.9522,0.8764,1.0258,2026-09-30
LaLiga,real_betis,1.2935,1.1727,1.4178,0.9817,0.9056,1.0588,2026-09-30
LaLiga,real_madrid,1.8075,1.6373,1.9912,0.8057,0.7211,0.8865,2026-09-30
LaLiga,real_sociedad,1.1092,1.0048,1.2169,1.0045,0.929,1.0835,2026-09-30
LaLiga,sevilla,0.9788,0.8865,1.0758,0.9572,0.8828,1.0309,2026-09-30
LaLiga,valencia,0.8241,0.7375,0.9129,0.9582,0.8838,1.0349,2026-09-30
LaLiga,villarreal,1.3304,1.2085,1.4608,0.9632,0.8885,1.0388,2026-09-30
EPL,arsenal,1.2731,1.1483,1.4037,0.5673,0.4831,0.6513,2026-10-01
EPL,aston_villa,1.0838,0.9836,1.1922,0.9803,0.8953,1.0667,2026-10-01
EPL,bournemouth,1.1733,1.0681,1.2846,0.9389,0.8511,1.0257,2026-10-01
EPL,brentford,1.0805,0.9784,1.1853,1.0037,0.9183,1.0901,2026-10-01
EPL,brighton,1.2212,1.1086,1.3404,0.8802,0.7957,0.9664,2026-10-01
EPL,chelsea,1.2285,1.1185,1.3473,0.9924,0.9052,1.0835,2026-10-01
EPL,coventry,0.7913,0.6285,0.9649,1.063,0.873,1.2607,2026-10-01
EPL,crystal_palace,0.965,0.8716,1.059,0.9728,0.8855,1.0626,2026-10-01
EPL,everton,0.926,0.8305,1.0224,0.8974,0.8098,0.9836,2026-10-01
EPL,fulham,0.9734,0.883,1.0686,0.9255,0.8385,1.0136,2026-10-01
EPL,hull,0.8581,0.6907,1.036,0.999,0.8192,1.1906,2026-10-01
EPL,ipswich,0.8506,0.731,0.9749,1.3092,1.1543,1.4754,2026-10-01
EPL,leeds,0.9692,0.8537,1.0816,0.9197,0.8178,1.0212,2026-10-01
EPL,liverpool,1.3373,1.2118,1.4726,0.8658,0.7809,0.9522,2026-10-01
EPL,man_city,1.4691,1.3182,1.631,0.7291,0.6443,0.8103,2026-10-01
EPL,man_united,1.2833,1.166,1.4075,0.9148,0.8288,0.9989,2026-10-01
EPL,newcastle,1.1666,1.056,1.285,1.0272,0.9374,1.1159,2026-10-01
EPL,nottm_forest,0.9794,0.8877,1.0752,0.9151,0.8296,1.001,2026-10-01
EPL,sunderland,0.9008,0.7914,1.0113,0.9147,0.8187,1.0151,2026-10-01
EPL,tottenham,1.0157,0.9216,1.1143,0.9967,0.9086,1.0861,2026-10-01
LaLiga,alaves,0.9791,0.8833,1.0785,0.9142,0.8406,0.9886,2026-10-01
LaLiga,athletic_bilbao,1.0849,0.9836,1.1912,0.8677,0.7885,0.9445,2026-10-01
LaLiga,atletico_madrid,1.3879,1.2629,1.5221,0.8381,0.7591,0.914,2026-10-01
LaLiga,barcelona,1.9846,1.7806,2.1978,0.7983,0.7155,0.878,2026-10-01
LaLiga,celta_vigo,1.0617,0.9613,1.1666,0.9448,0.8695,1.0203,2026-10-01
LaLiga,deportivo_la_coruna,0.8975,0.7323,1.0703,1.1027,0.9244,1.2961,2026-10-01
LaLiga,elche,1.0493,0.9324,1.1705,1.063,0.9694,1.1633,2026-10-01
LaLiga,espanyol,0.931,0.8336,1.032,1.0768,0.99,1.1669,2026-10-01
LaLiga,getafe,0.7057,0.626,0.7887,0.8787,0.7995,0.9538,2026-10-01
LaLiga,levante,1.0116,0.895,1.1298,1.1078,1.0113,1.2154,2026-10-01
LaLiga,malaga,0.6483,0.5237,0.7818,1.1936,1.007,1.3804,2026-10-01
LaLiga,osasuna,0.9524,0.8606,1.0492,1.0033,0.9288,1.0806,2026-10-01
LaLiga,racing_santander,1.018,0.8391,1.2161,1.5704,1.345,1.8166,2026-10-01
LaLiga,rayo_vallecano,1.098,0.994,1.2041,0.9524,0.8783,1.0277,2026-10-01
LaLiga,real_betis,1.2929,1.1734,1.4168,0.9822,0.9061,1.0592,2026-10-01
LaLiga,real_madrid,1.8077,1.6341,1.9918,0.8068,0.7215,0.8885,2026-10-01
LaLiga,real_sociedad,1.1095,1.0038,1.2195,1.0046,0.9272,1.0848,2026-10-01
LaLiga,sevilla,0.9745,0.8812,1.0735,0.9579,0.8819,1.0336,2026-10-01
LaLiga,valencia,0.8238,0.7365,0.9119,0.9587,0.8857,1.0329,2026-10-01
LaLiga,villarreal,1.33,1.2101,1.4575,0.9634,0.8891,1.0384,2026-10-01
EPL,arsenal,1.274,1.1515,1.4071,0.5672,0.4836,0.6517,2026-10-02
EPL,aston_villa,1.0844,0.9834,1.1929,0.9801,0.8951,1.0693,2026-10-02
EPL,bournemouth,1.1732,1.0679,1.2824,0.9386,0.8519,1.026,2026-10-02
EPL,brentford,1.0819,0.9807,1.1871,1.0042,0.9195,1.0893,2026-10-02
EPL,brighton,1.2216,1.1097,1.3386,0.8795,0.7952,0.9657,2026-10-02
EPL,chelsea,1.2295,1.1178,1.3511,0.9924,0.9042,1.083,2026-10-02
EPL,coventry,0.791,0.6265,0.9657,1.061,0.8732,1.2588,2026-10-02
EPL,crystal_palace,0.9646,0.8726,1.0569,0.9726,0.8873,1.0594,2026-10-02
EPL,everton,0.9265,0.8319,1.0253,0.8978,0.8116,0.9841,2026-10-02
EPL,fulham,0.9731,0.8828,1.0679,0.9255,0.8394,1.0121,2026-10-02
EPL,hull,0.8588,0.6933,1.0378,0.9978,0.815,1.1885,2026-10-02
EPL,ipswich,0.8504,0.7286,0.9777,1.3098,1.1558,1.4738,2026-10-02
EPL,leeds,0.9691,0.8536,1.0854,0.9197,0.8181,1.0224,2026-10-02
EPL,liverpool,1.3377,1.2108,1.4734,0.8661,0.7806,0.9496,2026-10-02
EPL,man_city,1.4713,1.3222,1.6379,0.73,0.6449,0.8135,2026-10-02
EPL,man_united,1.2848,1.1684,1.406,0.915,0.8295,0.9981,2026-10-02
EPL,newcastle,1.1662,1.0546,1.2843,1.0273,0.9382,1.1157,2026-10-02
EPL,nottm_forest,0.9796,0.8852,1.0745,0.9151,0.8296,1.0012,2026-10-02
EPL,sunderland,0.8994,0.7919,1.0108,0.9153,0.817,1.0176,2026-10-02
EPL,tottenham,1.0152,0.921,1.1146,0.9975,0.9133,1.0854,2026-10-02
LaLiga,alaves,0.9786,0.8843,1.0768,0.915,0.8426,0.9864,2026-10-02
LaLiga,athletic_bilbao,1.0846,0.9848,1.1903,0.8667,0.7888,0.9446,2026-10-02
LaLiga,atletico_madrid,1.3886,1.2627,1.5242,0.838,0.7583,0.9165,2026-10-02
LaLiga,barcelona,1.9844,1.7806,2.202,0.7988,0.7167,0.8782,2026-10-02
LaLiga,celta_vigo,1.0621,0.9601,1.1668,0.9451,0.87,1.0208,2026-10-02
LaLiga,deportivo_la_coruna,0.8952,0.7325,1.0642,1.1017,0.9258,1.2966,2026-10-02
LaLiga,elche,1.0482,0.9291,1.1699,1.0626,0.9673,1.1644,2026-10-02
LaLiga,espanyol,0.9307,0.8304,1.0341,1.076,0.9865,1.1681,2026-10-02
LaLiga,getafe,0.7039,0.6224,0.7872,0.8791,0.7988,0.9534,2026-10-02
LaLiga,levante,1.0113,0.8919,1.1334,1.1066,1.0089,1.2148,2026-10-02
LaLiga,malaga,0.6484,0.5235,0.7819,1.1957,1.016,1.3839,2026-10-02
LaLiga,osasuna,0.9519,0.8579,1.0466,1.0034,0.9281,1.0807,2026-10-02
LaLiga,racing_santander,1.0167,0.8345,1.211,1.5669,1.3382,1.8111,2026-10-02
LaLiga,rayo_vallecano,1.099,0.9977,1.2059,0.954,0.8781,1.0289,2026-10-02
LaLiga,real_betis,1.293,1.1739,1.4167,0.9823,0.9055,1.0585,2026-10-02
LaLiga,real_madrid,1.8067,1.6318,1.9911,0.8066,0.7233,0.8871,2026-10-02
LaLiga,real_sociedad,1.1102,1.0067,1.2169,1.0059,0.9299,1.0849,2026-10-02
LaLiga,sevilla,0.9744,0.8789,1.072,0.9578,0.8806,1.035,2026-10-02
LaLiga,valencia,0.8252,0.7372,0.9162,0.9597,0.8861,1.0324,2026-10-02
LaLiga,villarreal,1.3312,1.2097,1.4596,0.962,0.8858,1.0392,2026-10-02
EPL,arsenal,1.2717,1.153,1.3999,0.5669,0.4829,0.6525,2026-10-03
EPL,aston_villa,1.0833,0.9824,1.1913,0.9803,0.8947,1.0682,2026-10-03
EPL,bournemouth,1.1732,1.0675,1.2842,0.9391,0.8503,1.0272,2026-10-03
EPL,brentford,1.0809,0.9795,1.1866,1.0042,0.9172,1.0925,2026-10-03
EPL,brighton,1.2209,1.1106,1.34,0.8799,0.7964,0.9672,2026-10-03
EPL,chelsea,1.2274,1.1162,1.3455,0.9928,0.9061,1.081,2026-10-03
EPL,coventry,0.7923,0.629,0.972,1.0625,0.8679,1.2649,2026-10-03
EPL,crystal_palace,0.9645,0.8718,1.0583,0.9726,0.8857,1.0612,2026-10-03
EPL,everton,0.9267,0.833,1.0205,0.8977,0.8121,0.9842,2026-10-03
EPL,fulham,0.9724,0.8805,1.067,0.9248,0.84,1.012,2026-10-03
EPL,hull,0.8591,0.6921,1.0371,0.9969,0.8174,1.189,2026-10-03
EPL,ipswich,0.8503,0.7311,0.9775,1.309,1.1555,1.4732,2026-10-03
EPL,leeds,0.9693,0.8562,1.0867,0.921,0.817,1.0262,2026-10-03
EPL,liverpool,1.3353,1.2091,1.4711,0.8662,0.7801,0.9508,2026-10-03
EPL,man_city,1.468,1.3186,1.6321,0.7291,0.6446,0.8116,2026-10-03
EPL,man_united,1.2828,1.1652,1.4092,0.9146,0.8309,0.9986,2026-10-03
EPL,newcastle,1.1654,1.0551,1.2847,1.0278,0.939,1.1175,2026-10-03
EPL,nottm_forest,0.9795,0.8889,1.0732,0.9156,0.8294,1.0017,2026-10-03
EPL,sunderland,0.9006,0.7941,1.0079,0.9151,0.8158,1.0168,2026-10-03
EPL,tottenham,1.0153,0.9223,1.1094,0.9976,0.9089,1.089,2026-10-03
LaLiga,alaves,0.975,0.8802,1.073,0.9165,0.8438,0.9886,2026-10-03
LaLiga,athletic_bilbao,1.0843,0.9841,1.1882,0.8661,0.7849,0.945,2026-10-03
LaLiga,atletico_madrid,1.3884,1.2634,1.5248,0.8383,0.7583,0.9155,2026-10-03
LaLiga,barcelona,1.983,1.7789,2.2012,0.7983,0.716,0.879,2026-10-03
LaLiga,celta_vigo,1.0642,0.9632,1.1685,0.9418,0.866,1.0191,2026-10-03
LaLiga,deportivo_la_coruna,0.8963,0.7362,1.0685,1.1005,0.9222,1.2936,2026-10-03
LaLiga,elche,1.0492,0.9295,1.1737,1.0633,0.9684,1.1647,2026-10-03
LaLiga,espanyol,0.9313,0.8311,1.0348,1.0762,0.9866,1.1693,2026-10-03
LaLiga,getafe,0.7044,0.623,0.7869,0.8784,0.7982,0.9538,2026-10-03
LaLiga,levante,1.0119,0.892,1.1314,1.106,1.0079,1.2141,2026-10-03
LaLiga,malaga,0.6484,0.5235,0.7815,1.1947,1.0106,1.3838,2026-10-03
LaLiga,osasuna,0.9538,0.8586,1.05,1.004,0.9282,1.0828,2026-10-03
LaLiga,racing_santander,1.0162,0.8333,1.2106,1.5684,1.3395,1.814,2026-10-03
LaLiga,rayo_vallecano,1.0985,0.9975,1.2042,0.9532,0.8768,1.0283,2026-10-03
LaLiga,real_betis,1.2939,1.1737,1.4173,0.9809,0.9047,1.0575,2026-10-03
LaLiga,real_madrid,1.8065,1.6319,1.9921,0.8063,0.7231,0.8859,2026-10-03
LaLiga,real_sociedad,1.1107,1.0079,1.2173,1.0053,0.9278,1.0853,2026-10-03
LaLiga,sevilla,0.9743,0.8804,1.071,0.9581,0.8826,1.0343,2026-10-03
LaLiga,valencia,0.8253,0.7384,0.9158,0.9597,0.8875,1.0333,2026-10-03
LaLiga,villarreal,1.331,1.2118,1.4625,0.962,0.8857,1.0378,2026-10-03
