started_utc,run_id,conclusion
2026-09-25T09:45:54Z,36120261576,success
2026-09-26T09:30:05Z,36232961170,success
2026-09-26T14:43:42Z,36249487218,success
2026-09-26T19:23:28Z,36265887278,success
2026-09-27T10:10:25Z,36311682761,success
2026-09-27T15:17:47Z,36329026425,success
2026-09-27T19:52:32Z,36345946464,success
2026-09-28T11:11:40Z,36414181567,success
2026-09-28T18:15:26Z,36463911787,success
2026-09-28T22:16:35Z,36491408818,success
2026-09-29T10:52:28Z,36558248652,success
2026-09-29T16:37:52Z,36599121409,success
2026-09-29T21:02:51Z,36630611926,success
2026-09-30T10:42:02Z,36703999410,success
2026-09-30T16:30:10Z,36744665230,success
2026-09-30T21:00:08Z,36776512160,success
2026-10-01T11:08:45Z,36853517690,success
2026-10-01T17:08:18Z,36897161973,success
2026-10-01T21:21:48Z,36928163622,success
2026-10-02T10:42:12Z,36996930662,success
2026-10-02T16:21:44Z,37033402983,success
2026-10-02T20:58:29Z,37063972958,success
2026-10-03T10:00:57Z,37114975977,success
2026-10-03T14:54:30Z,37131314208,success
2026-10-03T19:25:21Z,37147827631,success
2026-10-04T10:43:51Z,37196311806,success
2026-10-04T15:29:37Z,37213203650,success
2026-10-04T19:49:11Z,37229718573,success
2026-10-05T11:48:17Z,37305290845,success
2026-10-05T19:23:04Z,37363008087,success
2026-10-05T22:54:52Z,37385421688,success
2026-10-06T11:28:29Z,37456637212,success
2026-10-06T16:55:38Z,37499533466,success
2026-10-06T21:14:02Z,37532394437,success
2026-10-07T11:18:10Z,37613154184,success
2026-10-07T17:32:24Z,37659849890,success
2026-10-07T21:35:26Z,37690484716,success
2026-10-08T11:34:52Z,37770992453,success
2026-10-08T17:35:25Z,37817741882,success
2026-10-08T21:30:27Z,37847259404,success
